# Copyright (C) 2018  Intel Corporation. All rights reserved.
# Your use of Intel Corporation's design tools, logic functions 
# and other software and tools, and its AMPP partner logic 
# functions, and any output files from any of the foregoing 
# (including device programming or simulation files), and any 
# associated documentation or information are expressly subject 
# to the terms and conditions of the Intel Program License 
# Subscription Agreement, the Intel Quartus Prime License Agreement,
# the Intel FPGA IP License Agreement, or other applicable license
# agreement, including, without limitation, that your use is for
# the sole purpose of programming logic devices manufactured by
# Intel and sold by Intel or its authorized distributors.  Please
# refer to the applicable agreement for further details.

# Quartus Prime Version 18.0.0 Build 614 04/24/2018 SJ Lite Edition
# File: C:\MAX1000\Timing_Closure_lab_template\timing_closure_lab_pinout.csv
# Generated on: Thu Feb 07 11:00:04 2019

# Note: The column header names should not be changed if you wish to import this .csv file into the Quartus Prime software.

To,Direction,Location,I/O Bank,VREF Group,Fitter Location,I/O Standard,Reserved,Current Strength,Slew Rate,Differential Pair,Strict Preservation
CLK,Input,PIN_H6,2,B2_N0,PIN_H5,3.3-V LVTTL,,,,,
INPUT[3],Input,PIN_H4,2,B2_N0,PIN_C13,3.3-V LVTTL,,,,,
INPUT[2],Input,PIN_H5,2,B2_N0,PIN_G4,3.3-V LVTTL,,,,,
INPUT[1],Input,PIN_K10,5,B5_N0,PIN_D6,3.3-V LVTTL,,,,,
INPUT[0],Input,PIN_H8,5,B5_N0,PIN_F4,3.3-V LVTTL,,,,,
RESULT[9],Output,PIN_H13,5,B5_N0,PIN_C9,3.3-V LVTTL,,,,,
RESULT[8],Output,PIN_H10,5,B5_N0,PIN_E5,3.3-V LVTTL,,,,,
RESULT[7],Output,PIN_J10,5,B5_N0,PIN_F13,3.3-V LVTTL,,,,,
RESULT[6],Output,PIN_K12,5,B5_N0,PIN_A3,3.3-V LVTTL,,,,,
RESULT[5],Output,PIN_K11,5,B5_N0,PIN_C1,3.3-V LVTTL,,,,,
RESULT[4],Output,PIN_J13,5,B5_N0,PIN_C10,3.3-V LVTTL,,,,,
RESULT[3],Output,PIN_J12,5,B5_N0,PIN_F1,3.3-V LVTTL,,,,,
RESULT[2],Output,PIN_L12,5,B5_N0,PIN_E13,3.3-V LVTTL,,,,,
RESULT[1],Output,PIN_J2,2,B2_N0,PIN_H1,3.3-V LVTTL,,,,,
RESULT[0],Output,PIN_J1,2,B2_N0,PIN_A4,3.3-V LVTTL,,,,,
