#Arrow MAX1000 TEI0001-01
#Family: MAX10
#Device: 10M08SAU169C8G
# Note: The column header names should not be changed if you wish to import this .csv file into the Quartus Prime software.

To,Direction,Location,I/O Bank,VREF Group,I/O Standard,Reserved,Current Strength,Slew Rate,Differential Pair,Strict Preservation
#CLOCK
CLK12M,,PIN_H6 ,,,3.3-V LVCMOS,,,,,
CLK_X ,,PIN_G5 ,,,3.3-V LVCMOS,,,,,

#LEDS
LED[1],,PIN_A8 ,,,3.3-V LVCMOS,,,,,
LED[2],,PIN_A9 ,,,3.3-V LVCMOS,,,,,
LED[3],,PIN_A11,,,3.3-V LVCMOS,,,,,
LED[4],,PIN_A10,,,3.3-V LVCMOS,,,,,
LED[5],,PIN_B10,,,3.3-V LVCMOS,,,,,
LED[6],,PIN_C9 ,,,3.3-V LVCMOS,,,,,
LED[7],,PIN_C10,,,3.3-V LVCMOS,,,,,
LED[8],,PIN_D8 ,,,3.3-V LVCMOS,,,,,

#RAM W9864G6JT-6
DQ[0] ,,PIN_D11,,,3.3-V LVCMOS,,,,,
DQ[1] ,,PIN_G10,,,3.3-V LVCMOS,,,,,
DQ[2] ,,PIN_F10,,,3.3-V LVCMOS,,,,,
DQ[3] ,,PIN_F9 ,,,3.3-V LVCMOS,,,,,
DQ[4] ,,PIN_E10,,,3.3-V LVCMOS,,,,,
DQ[5] ,,PIN_D9 ,,,3.3-V LVCMOS,,,,,
DQ[6] ,,PIN_G9 ,,,3.3-V LVCMOS,,,,,
DQ[7] ,,PIN_F8 ,,,3.3-V LVCMOS,,,,,
DQ[8] ,,PIN_F13,,,3.3-V LVCMOS,,,,,
DQ[9] ,,PIN_E12,,,3.3-V LVCMOS,,,,,
DQ[10],,PIN_E13,,,3.3-V LVCMOS,,,,,
DQ[11],,PIN_D12,,,3.3-V LVCMOS,,,,,
DQ[12],,PIN_C12,,,3.3-V LVCMOS,,,,,
DQ[13],,PIN_B12,,,3.3-V LVCMOS,,,,,
DQ[14],,PIN_B13,,,3.3-V LVCMOS,,,,,
DQ[15],,PIN_A12,,,3.3-V LVCMOS,,,,,
DQM0  ,,PIN_E9 ,,,3.3-V LVCMOS,,,,,
DQM1  ,,PIN_F12,,,3.3-V LVCMOS,,,,,

A[1] ,,PIN_M5 ,,,3.3-V LVCMOS,,,,,
A[2] ,,PIN_N5 ,,,3.3-V LVCMOS,,,,,
A[3] ,,PIN_J8 ,,,3.3-V LVCMOS,,,,,
A[4] ,,PIN_N10,,,3.3-V LVCMOS,,,,,
A[5] ,,PIN_M11,,,3.3-V LVCMOS,,,,,
A[6] ,,PIN_N9 ,,,3.3-V LVCMOS,,,,,
A[7] ,,PIN_L10,,,3.3-V LVCMOS,,,,,
A[8] ,,PIN_M13,,,3.3-V LVCMOS,,,,,
A[9] ,,PIN_N8 ,,,3.3-V LVCMOS,,,,,
A[10],,PIN_N4 ,,,3.3-V LVCMOS,,,,,
A[11],,PIN_M10,,,3.3-V LVCMOS,,,,,
A[12],,PIN_L11,,,3.3-V LVCMOS,,,,,
A[13],,PIN_M12,,,3.3-V LVCMOS,,,,,

BA0,,PIN_N6,,,3.3-V LVCMOS,,,,,
BA1,,PIN_K8,,,3.3-V LVCMOS,,,,,

CLK,,PIN_M9,,,3.3-V LVCMOS,,,,,
CKE,,PIN_M8,,,3.3-V LVCMOS,,,,,

RAS,,PIN_M7,,,3.3-V LVCMOS,,,,,
CAS,,PIN_N7,,,3.3-V LVCMOS,,,,,
WE ,,PIN_K7,,,3.3-V LVCMOS,,,,,
CS ,,PIN_M4,,,3.3-V LVCMOS,,,,,

#accelerometer LIS3DH
SEN_INT1,,PIN_J5,,,3.3-V LVCMOS,,,,,
SEN_INT2,,PIN_L4,,,3.3-V LVCMOS,,,,,
SEN_SDI ,,PIN_J7,,,3.3-V LVCMOS,,,,,
SEN_SDO ,,PIN_K5,,,3.3-V LVCMOS,,,,,
SEN_SPC ,,PIN_J6,,,3.3-V LVCMOS,,,,,
SEN_CS  ,,PIN_L5,,,3.3-V LVCMOS,,,,,

#PMOD
PIO[1],,PIN_M3,,,3.3-V LVCMOS,,,,,
PIO[2],,PIN_L3,,,3.3-V LVCMOS,,,,,
PIO[3],,PIN_M2,,,3.3-V LVCMOS,,,,,
PIO[4],,PIN_M1,,,3.3-V LVCMOS,,,,,
PIO[5],,PIN_N3,,,3.3-V LVCMOS,,,,,
PIO[6],,PIN_N2,,,3.3-V LVCMOS,,,,,
PIO[7],,PIN_K2,,,3.3-V LVCMOS,,,,,
PIO[8],,PIN_K1,,,3.3-V LVCMOS,,,,,

#FTDI
BDBUS[0],,PIN_A4,,,3.3-V LVCMOS,,,,,
BDBUS[1],,PIN_B4,,,3.3-V LVCMOS,,,,,
BDBUS[2],,PIN_B5,,,3.3-V LVCMOS,,,,,
BDBUS[3],,PIN_A6,,,3.3-V LVCMOS,,,,,
BDBUS[4],,PIN_B6,,,3.3-V LVCMOS,,,,,
BDBUS[5],,PIN_A7,,,3.3-V LVCMOS,,,,,

#FLASH
F_CS   ,,PIN_B3,,,3.3-V LVCMOS,,,,,
F_CLK  ,,PIN_A3,,,3.3-V LVCMOS,,,,,
F_DI   ,,PIN_A2,,,3.3-V LVCMOS,,,,,
F_DO   ,,PIN_B2,,,3.3-V LVCMOS,,,,,
#NSTATUS,,PIN_C4,,,3.3-V LVCMOS,,,,,
DEVCLRN,,PIN_B9,,,3.3-V LVCMOS,,,,,

#Header J1 [2 ... 14]
AIN[0],,PIN_E1,,,3.3-V LVCMOS,,,,,
AIN[1],,PIN_C2,,,3.3-V LVCMOS,,,,,
AIN[2],,PIN_C1,,,3.3-V LVCMOS,,,,,
AIN[3],,PIN_D1,,,3.3-V LVCMOS,,,,,
AIN[4],,PIN_E3,,,3.3-V LVCMOS,,,,,
AIN[5],,PIN_F1,,,3.3-V LVCMOS,,,,,
AIN[6],,PIN_E4,,,3.3-V LVCMOS,,,,,
D[0]  ,,PIN_H8,,,3.3-V LVCMOS,,,,,
D[1]  ,,PIN_K10,,,3.3-V LVCMOS,,,,,
D[2]  ,,PIN_H5,,,3.3-V LVCMOS,,,,,
D[3]  ,,PIN_H4,,,3.3-V LVCMOS,,,,,
D[4]  ,,PIN_J1,,,3.3-V LVCMOS,,,,,
D[5]  ,,PIN_J2,,,3.3-V LVCMOS,,,,,

#Header J2 [1 ... 9]
D[6] ,,PIN_L12,,,3.3-V LVCMOS,,,,,
D[7] ,,PIN_J12,,,3.3-V LVCMOS,,,,,
D[8] ,,PIN_J13,,,3.3-V LVCMOS,,,,,
D[9] ,,PIN_K11,,,3.3-V LVCMOS,,,,,
D[10],,PIN_K12,,,3.3-V LVCMOS,,,,,
D[11],,PIN_J10,,,3.3-V LVCMOS,,,,,
D[12],,PIN_H10,,,3.3-V LVCMOS,,,,,
D[13],,PIN_H13,,,3.3-V LVCMOS,,,,,
D[14],,PIN_G12,,,3.3-V LVCMOS,,,,,

#Header J3 [1 ... 3]
#AIN   ,,PIN_D2,,,3.3-V LVCMOS,,,,,
AIN[7],,PIN_B1,,,3.3-V LVCMOS,,,,,

#Miscellaneous
D11_R   ,,PIN_B11,,,3.3-V LVCMOS,,,,,
D12_R   ,,PIN_G13,,,3.3-V LVCMOS,,,,,
USER_BTN,,PIN_E6,,,3.3-V LVCMOS,,,,,
