{
	"partitions" : [
		{
			"name" : "Top",
			"pins" : [
				{
					"name" : "DIR[0]",
					"strict" : false
				},
				{
					"name" : "DIR[1]",
					"strict" : false
				},
				{
					"name" : "DIR[2]",
					"strict" : false
				},
				{
					"name" : "DIR[3]",
					"strict" : false
				},
				{
					"name" : "DIR[4]",
					"strict" : false
				},
				{
					"name" : "DIR[5]",
					"strict" : false
				},
				{
					"name" : "DIR[6]",
					"strict" : false
				},
				{
					"name" : "DIR[7]",
					"strict" : false
				},
				{
					"name" : "LED[0]",
					"strict" : false
				},
				{
					"name" : "LED[1]",
					"strict" : false
				},
				{
					"name" : "LED[2]",
					"strict" : false
				},
				{
					"name" : "LED[3]",
					"strict" : false
				},
				{
					"name" : "LED[4]",
					"strict" : false
				},
				{
					"name" : "LED[5]",
					"strict" : false
				},
				{
					"name" : "LED[6]",
					"strict" : false
				},
				{
					"name" : "LED[7]",
					"strict" : false
				},
				{
					"name" : "altera_reserved_tms",
					"strict" : false
				},
				{
					"name" : "altera_reserved_tck",
					"strict" : false
				},
				{
					"name" : "altera_reserved_tdi",
					"strict" : false
				},
				{
					"name" : "altera_reserved_tdo",
					"strict" : false
				}
			]
		}
	]
}