{
	"partitions" : [
		{
			"name" : "Top",
			"pins" : [
				{
					"name" : "SEN_SDI",
					"strict" : false
				},
				{
					"name" : "SEN_SPC",
					"strict" : false
				},
				{
					"name" : "SEN_CS",
					"strict" : false
				},
				{
					"name" : "LED[1]",
					"strict" : false
				},
				{
					"name" : "LED[2]",
					"strict" : false
				},
				{
					"name" : "LED[3]",
					"strict" : false
				},
				{
					"name" : "LED[4]",
					"strict" : false
				},
				{
					"name" : "LED[5]",
					"strict" : false
				},
				{
					"name" : "LED[6]",
					"strict" : false
				},
				{
					"name" : "LED[7]",
					"strict" : false
				},
				{
					"name" : "LED[8]",
					"strict" : false
				},
				{
					"name" : "PIO[5]",
					"strict" : false
				},
				{
					"name" : "PIO[6]",
					"strict" : false
				},
				{
					"name" : "PIO[7]",
					"strict" : false
				},
				{
					"name" : "PIO[8]",
					"strict" : false
				},
				{
					"name" : "SEN_SDO",
					"strict" : false
				},
				{
					"name" : "CLK12M",
					"strict" : false
				}
			]
		}
	]
}