{
	"partitions" : [
		{
			"name" : "Top",
			"pins" : [
				{
					"name" : "RESULT[0]",
					"strict" : false
				},
				{
					"name" : "RESULT[1]",
					"strict" : false
				},
				{
					"name" : "RESULT[2]",
					"strict" : false
				},
				{
					"name" : "RESULT[3]",
					"strict" : false
				},
				{
					"name" : "RESULT[4]",
					"strict" : false
				},
				{
					"name" : "RESULT[5]",
					"strict" : false
				},
				{
					"name" : "RESULT[6]",
					"strict" : false
				},
				{
					"name" : "RESULT[7]",
					"strict" : false
				},
				{
					"name" : "RESULT[8]",
					"strict" : false
				},
				{
					"name" : "RESULT[9]",
					"strict" : false
				},
				{
					"name" : "altera_reserved_tms",
					"strict" : false
				},
				{
					"name" : "altera_reserved_tck",
					"strict" : false
				},
				{
					"name" : "altera_reserved_tdi",
					"strict" : false
				},
				{
					"name" : "altera_reserved_tdo",
					"strict" : false
				}
			]
		}
	]
}