# Copyright (C) 2018  Intel Corporation. All rights reserved.
# Your use of Intel Corporation's design tools, logic functions 
# and other software and tools, and its AMPP partner logic 
# functions, and any output files from any of the foregoing 
# (including device programming or simulation files), and any 
# associated documentation or information are expressly subject 
# to the terms and conditions of the Intel Program License 
# Subscription Agreement, the Intel Quartus Prime License Agreement,
# the Intel FPGA IP License Agreement, or other applicable license
# agreement, including, without limitation, that your use is for
# the sole purpose of programming logic devices manufactured by
# Intel and sold by Intel or its authorized distributors.  Please
# refer to the applicable agreement for further details.

# Quartus Prime Version 18.0.0 Build 614 04/24/2018 SJ Lite Edition
# File: C:\MAX1000\InSystem_Debug_lab_template\insystem_debug_lab_pinout.csv
# Generated on: Tue Feb 05 11:19:53 2019

# Note: The column header names should not be changed if you wish to import this .csv file into the Quartus Prime software.

To,Direction,Location,I/O Bank,VREF Group,I/O Standard,Reserved,Current Strength,Slew Rate,Differential Pair,Strict Preservation
CLK,Input,PIN_H6,2,B2_N0,3.3-V LVTTL,,,,,
DIR[7],Output,PIN_L12,5,B5_N0,3.3-V LVTTL,,,,,
DIR[6],Output,PIN_J12,5,B5_N0,3.3-V LVTTL,,,,,
DIR[5],Output,PIN_J13,5,B5_N0,3.3-V LVTTL,,,,,
DIR[4],Output,PIN_K11,5,B5_N0,3.3-V LVTTL,,,,,
DIR[3],Output,PIN_K12,5,B5_N0,3.3-V LVTTL,,,,,
DIR[2],Output,PIN_J10,5,B5_N0,3.3-V LVTTL,,,,,
DIR[1],Output,PIN_H10,5,B5_N0,3.3-V LVTTL,,,,,
DIR[0],Output,PIN_H13,5,B5_N0,3.3-V LVTTL,,,,,
LED[7],Output,PIN_A8,8,B8_N0,3.3-V LVTTL,,,,,
LED[6],Output,PIN_A9,8,B8_N0,3.3-V LVTTL,,,,,
LED[5],Output,PIN_A11,8,B8_N0,3.3-V LVTTL,,,,,
LED[4],Output,PIN_A10,8,B8_N0,3.3-V LVTTL,,,,,
LED[3],Output,PIN_B10,8,B8_N0,3.3-V LVTTL,,,,,
LED[2],Output,PIN_C9,8,B8_N0,3.3-V LVTTL,,,,,
LED[1],Output,PIN_C10,8,B8_N0,3.3-V LVTTL,,,,,
LED[0],Output,PIN_D8,8,B8_N0,3.3-V LVTTL,,,,,
