<?xml version="1.0" encoding="UTF-8"?>
<deploy
 date="2019.02.05.14:18:03"
 outputDirectory="C:/MAX1000/InSystem_Debug_lab/DUTY_ISSP/">
 <perimeter>
  <parameter
     name="AUTO_GENERATION_ID"
     type="Integer"
     defaultValue="0"
     onHdl="0"
     affectsHdl="1" />
  <parameter
     name="AUTO_UNIQUE_ID"
     type="String"
     defaultValue=""
     onHdl="0"
     affectsHdl="1" />
  <parameter
     name="AUTO_DEVICE_FAMILY"
     type="String"
     defaultValue="MAX 10"
     onHdl="0"
     affectsHdl="1" />
  <parameter
     name="AUTO_DEVICE"
     type="String"
     defaultValue="10M08SAU169C8G"
     onHdl="0"
     affectsHdl="1" />
  <parameter
     name="AUTO_DEVICE_SPEEDGRADE"
     type="String"
     defaultValue="8"
     onHdl="0"
     affectsHdl="1" />
  <interface name="probes" kind="conduit" start="0">
   <property name="associatedClock" value="" />
   <property name="associatedReset" value="" />
   <port name="probe" direction="input" role="probe" width="8" />
  </interface>
  <interface name="sources" kind="conduit" start="0">
   <property name="associatedClock" value="" />
   <property name="associatedReset" value="" />
   <port name="source" direction="output" role="source" width="4" />
  </interface>
 </perimeter>
 <entity
   path=""
   parameterizationKey="DUTY_ISSP:1.0:AUTO_DEVICE=10M08SAU169C8G,AUTO_DEVICE_FAMILY=MAX 10,AUTO_DEVICE_SPEEDGRADE=8,AUTO_GENERATION_ID=1549372682,AUTO_UNIQUE_ID=(altera_in_system_sources_probes:18.0:create_source_clock=false,create_source_clock_enable=false,device_family=MAX 10,enable_metastability=NO,gui_use_auto_index=true,instance_id=DUTY,probe_width=8,sld_auto_instance_index=YES,sld_instance_index=0,source_initial_value=0,source_width=4)"
   instancePathKey="DUTY_ISSP"
   kind="DUTY_ISSP"
   version="1.0"
   name="DUTY_ISSP">
  <parameter name="AUTO_GENERATION_ID" value="1549372682" />
  <parameter name="AUTO_DEVICE" value="10M08SAU169C8G" />
  <parameter name="AUTO_DEVICE_FAMILY" value="MAX 10" />
  <parameter name="AUTO_UNIQUE_ID" value="" />
  <parameter name="AUTO_DEVICE_SPEEDGRADE" value="8" />
  <generatedFiles>
   <file
       path="C:/MAX1000/InSystem_Debug_lab/DUTY_ISSP/synthesis/DUTY_ISSP.vhd"
       type="VHDL" />
  </generatedFiles>
  <childGeneratedFiles>
   <file
       path="C:/MAX1000/InSystem_Debug_lab/DUTY_ISSP/synthesis/submodules/altsource_probe_top.v"
       type="VERILOG"
       attributes="" />
  </childGeneratedFiles>
  <sourceFiles>
   <file path="C:/MAX1000/InSystem_Debug_lab/DUTY_ISSP.qsys" />
  </sourceFiles>
  <childSourceFiles>
   <file
       path="D:/intel/quartus/18.0lite/ip/altera/sld/jtag/altera_in_system_sources_probes/altera_in_system_sources_probes_hw.tcl" />
  </childSourceFiles>
  <messages>
   <message level="Debug" culprit="DUTY_ISSP">queue size: 0 starting:DUTY_ISSP "DUTY_ISSP"</message>
   <message level="Progress" culprit="min"></message>
   <message level="Progress" culprit="max"></message>
   <message level="Progress" culprit="current"></message>
   <message level="Debug">Transform: CustomInstructionTransform</message>
   <message level="Debug">No custom instruction connections, skipping transform </message>
   <message level="Debug" culprit="merlin_custom_instruction_transform"><![CDATA[After transform: <b>1</b> modules, <b>0</b> connections]]></message>
   <message level="Debug">Transform: MMTransform</message>
   <message level="Debug">Transform: InterruptMapperTransform</message>
   <message level="Debug">Transform: InterruptSyncTransform</message>
   <message level="Debug">Transform: InterruptFanoutTransform</message>
   <message level="Debug">Transform: AvalonStreamingTransform</message>
   <message level="Debug">Transform: ResetAdaptation</message>
   <message level="Debug" culprit="DUTY_ISSP"><![CDATA["<b>DUTY_ISSP</b>" reuses <b>altera_in_system_sources_probes</b> "<b>submodules/altsource_probe_top</b>"]]></message>
   <message level="Debug" culprit="DUTY_ISSP">queue size: 0 starting:altera_in_system_sources_probes "submodules/altsource_probe_top"</message>
   <message level="Info" culprit="in_system_sources_probes_0"><![CDATA["<b>DUTY_ISSP</b>" instantiated <b>altera_in_system_sources_probes</b> "<b>in_system_sources_probes_0</b>"]]></message>
  </messages>
 </entity>
 <entity
   path="submodules/"
   parameterizationKey="altera_in_system_sources_probes:18.0:create_source_clock=false,create_source_clock_enable=false,device_family=MAX 10,enable_metastability=NO,gui_use_auto_index=true,instance_id=DUTY,probe_width=8,sld_auto_instance_index=YES,sld_instance_index=0,source_initial_value=0,source_width=4"
   instancePathKey="DUTY_ISSP:.:in_system_sources_probes_0"
   kind="altera_in_system_sources_probes"
   version="18.0"
   name="altsource_probe_top">
  <parameter name="create_source_clock" value="false" />
  <parameter name="instance_id" value="DUTY" />
  <parameter name="source_initial_value" value="0" />
  <parameter name="sld_auto_instance_index" value="YES" />
  <parameter name="sld_instance_index" value="0" />
  <parameter name="probe_width" value="8" />
  <parameter name="source_width" value="4" />
  <parameter name="create_source_clock_enable" value="false" />
  <parameter name="device_family" value="MAX 10" />
  <parameter name="enable_metastability" value="NO" />
  <parameter name="gui_use_auto_index" value="true" />
  <generatedFiles>
   <file
       path="C:/MAX1000/InSystem_Debug_lab/DUTY_ISSP/synthesis/submodules/altsource_probe_top.v"
       type="VERILOG"
       attributes="" />
  </generatedFiles>
  <childGeneratedFiles/>
  <sourceFiles>
   <file
       path="D:/intel/quartus/18.0lite/ip/altera/sld/jtag/altera_in_system_sources_probes/altera_in_system_sources_probes_hw.tcl" />
  </sourceFiles>
  <childSourceFiles/>
  <instantiator instantiator="DUTY_ISSP" as="in_system_sources_probes_0" />
  <messages>
   <message level="Debug" culprit="DUTY_ISSP">queue size: 0 starting:altera_in_system_sources_probes "submodules/altsource_probe_top"</message>
   <message level="Info" culprit="in_system_sources_probes_0"><![CDATA["<b>DUTY_ISSP</b>" instantiated <b>altera_in_system_sources_probes</b> "<b>in_system_sources_probes_0</b>"]]></message>
  </messages>
 </entity>
</deploy>
